[  
 {
  "code": "adamani",
  "traits": [ "gardener", "clothier", "adamanisoul", "jackofalltrades", "tinkerer", "technical", "greed", "homebody", "careful" ],
  "gear": [
          { "type": "item", "code": "game:clothes-head-straw-hat" },
          { "type": "item", "code": "game:clothes-shoulder-clockmaker-apron" },
          { "type": "item", "code": "game:clothes-upperbodyover-miner" },
          { "type": "item", "code": "game:clothes-lowerbody-workmans-gown" },
          { "type": "item", "code": "game:clothes-foot-high-leather-boots" },
          { "type": "item", "code": "game:clothes-hand-commoner-gloves" },
          { "type": "item", "code": "game:clothes-waist-heavy-tool-belt" }
          ]
 },
 {
  "code": "dwarrow",
  "traits": [ "agoraphobia", "shelteredstone", "stonekin", "powerfulframe", "treeburner", "noisy", "armoursmith", "hungry", "merciless"],
  "_comment": "traits: sanity loss above ground, no loss undergound,buffed miningspeed and drops,less armour speed effect,animal detectionrange",
  "gear": [      
          { "type": "item", "code": "game:clothes-shoulder-blacksmith-apron" },
          { "type": "item", "code": "clothes-upperbody-blacksmith-shirt" },
          { "type": "item", "code": "game:clothes-lowerbody-clockmaker-pants" },
          { "type": "item", "code": "clothes-foot-blacksmith-boots" },
          { "type": "item", "code": "game:clothes-face-glasses-clockmaker" },
          { "type": "item", "code": "clothes-arm-blacksmith-bracers" },
          { "type": "item", "code": "clothes-hand-blacksmith-gloves" },
          { "type": "item", "code": "game:clothes-waist-heavy-tool-belt" }
          ]
 },
 {
  "code": "ieldlis",
  "traits": [ "archer", "bowyer", "elusive", "natureattuned", "treekin", "ieldlisforester", "thin", "pious", "claustrophobia", "clothier" ],
  "_comment:": "Archer must remain first in the list for CO patch. Traits: better ranged, underground sanity loss, access to crude bow and arrows and quiver, High animal invisibility, wildcrop/foraging bonus, tree buffs, farming buffs, debuff armor walkspeed",
  "gear": [
          { "type": "item", "code": "clothes-shoulder-ieldlis-cloak" },
          { "type": "item", "code": "clothes-upperbody-ieldlis-tunic" },
          { "type": "item", "code": "game:clothes-lowerbody-fine-trousers" },
          { "type": "item", "code": "clothes-foot-ieldlis-boots" },
          { "type": "item", "code": "clothes-hand-ieldlis-wristguards" }, //  doesnt exist yet, I need to create model from clockmaker wristguard
          { "type": "item", "code": "game:clothes-waist-moss-embroidered-belt" }

  ]
 },
 {
  "code": "krohak",
  "traits": ["butcher","rockcrusher","titan","patchup","skillfuldefence", "loudbelly", "heavyhanded","inattentive", "clubmaker"],
  "gear": [
          { "type": "item", "code": "game:clothes-upperbody-hunters-green" },
          { "type": "item", "code": "game:clothes-upperbodyover-hunter-coat" },
          { "type": "item", "code": "game:clothes-lowerbody-workmans-gown" },
          { "type": "item", "code": "game:clothes-foot-hunter-boots" },
          { "type": "item", "code": "game:clothes-arm-prisoner-binds" },
          { "type": "item", "code": "game:clothes-waist-heavy-belt" }
          ]
 },
 {
  "code": "urroka",
  "traits": [ "stabby", "delver", "lightweight", "rapidhealing", "scavenger", "looter", "small", "weedwhisperer", "wildernesswits" ],
  "_comment": "slower underground sanity loss, less hungry, faster speed, negative armorspeed,healing effectiveness,animal/wildcrop/foraging bonus",
  "gear": [
          { "type": "item", "code": "game:clothes-shoulder-miner" },
          { "type": "item", "code": "game:clothes-lowerbody-torn-riding-pants" },
          { "type": "item", "code": "game:clothes-foot-peasent-slippers" },
          { "type": "item", "code": "game:clothes-face-miner" },
          { "type": "item", "code": "game:clothes-hand-malefactor-gloves" },
          { "type": "item", "code": "game:clothes-waist-rottenking" }
          ]
 }
]