[
  {
    "code": "stabby",
    "_comment": "Stabby must remain first in the list for CO patch.",
    "type": "positive",
    "attributes": {
      "meleeWeaponsDamage": 0.1
    }
  },
  {
    "code": "archer",
    "_comment": "Archer must remain second in the list for CO patch.",
    "type": "positive",
    "attributes": {
      "rangedWeaponsDamage": 0.5,
      "rangedWeaponsAcc": 0.25,
      "bowDrawingStrength": 0.5,
      "rangedWeaponsSpeed": 0.5
    }
  },
  {
    "code": "advancedbowsProficiency",
    "_comment": "advancedbowsProficiency must remain third in the list for CO patch.",
    "type": "positive",
    "attributes": {}
  },
  {
    "code": "smallhands",
    "type": "negative",
    "attributes": {
      "meleeWeaponsDamage": -0.1
    }
  },
  {
    "code": "advancedtwohandedSwordsProficiency",
    "type": "positive",
    "attributes": {
      "twoHandedSwordsProficiency": 0.5
    }
  },
  {
    "code": "advancedaxesProficiency",
    "type": "positive",
    "attributes": {
      "axesProficiency": 0.5
    }
  },
  {
    "code": "advancedmacesProficiency",
    "type": "positive",
    "attributes": {
      "macesProficiency": 0.5
    }
  },
  {
    "code": "advancedclubsProficiency",
    "type": "positive",
    "attributes": {
      "clubsProficiency": 0.5
    }
  },
  {
    "code": "shelteredstone",
    "type": "positive",
    "attributes": {}
  },
  {
    "code": "wildernesswits",
    "type": "positive",
    "attributes": {}
  },
  {
    "code": "stonekin",
    "type": "positive",
    "attributes": {
      "oreDropRate": 0.5,
      "miningSpeedMul": 1
    }
  },
  {
    "code": "agoraphobia",
    "type": "negative",
    "attributes": {
      "surfaceStabilityLoss": -0.008
    }
  },
  {
    "code": "claustrophobia",
    "type": "negative",
    "attributes": {
      "caveStabilityLoss": 0.1
    }
  },
  {
    "code": "delver",
    "type": "positive",
    "attributes": {
      "delverdeepStabilityLoss": -0.4,
      "oreDropRate": 0.2,
      "miningSpeedMul": 0.2
    }
  },
  {
    "code": "titan",
    "_comment": "changed from 90 % down to the 50 from the doc",
    "type": "positive",
    "attributes": {
      "meleeWeaponsDamage": 0.3,
      "maxhealthExtraPoints": 10,
      "armorWalkSpeedAffectedness": -0.55,
      "walkspeed": 0.15
    }
  },
  {
    "code": "powerfulframe",
    "type": "positive",
    "attributes": {
      "maxhealthExtraPoints": 5,
      "meleeWeaponsDamage": 0.2,
      "armorWalkSpeedAffectedness": -0.7
    }
  },
  {
    "code": "small",
    "type": "negative",
    "attributes": {
      "maxhealthExtraPoints": -6,
      "armorWalkSpeedAffectedness": 0.9
    }
  },
  {
    "code": "thin",
    "type": "negative",
    "attributes": {
      "maxhealthExtraPoints": -5,
      "armorWalkSpeedAffectedness": 0.25,
      "armorDurabilityLoss": 0.25,
      "healingEffectiveness": -0.2
    }
  },
  {
    "code": "skillfuldefence",
    "type": "positive",
    "attributes": {
      "armorDurabilityLoss": -0.25
    }
  },
  {
    "code": "armoursmith",
    "type": "positive",
    "attributes": {
      "armorDurabilityLoss": -0.30
    }
  },
  {
    "code": "rockcrusher",
    "type": "positive",
    "attributes": {
      "miningSpeedMul": 0.75
    }
  },
  {
    "code": "inattentive",
    "type": "negative",
    "attributes": {
      "oreDropRate": -0.15
    }
  },
  {
    "code": "butcher",
    "type": "positive",
    "attributes": {
      "animalLootDropRate": 0.5,
      "animalHarvestingTime": -0.5
    }
  },
  {
    "code": "lightweight",
    "type": "positive",
    "attributes": {
      "walkspeed": 0.5,
      "animalSeekingRange": -0.5,
      "hungerrate": -0.3
    }
  },
  {
    "code": "elusive",
    "type": "positive",
    "attributes": {
      "walkspeed": 0.3,
      "animalSeekingRange": -0.9,
      "hungerrate": -0.15
    }
  },
  {
    "code": "ascetic",
    "type": "positive",
    "attributes": {
      "hungerrate": -0.5
    }
  },
  {
    "code": "rapidhealing",
    "type": "positive",
    "attributes": {
      "healingEffectiveness": 0.35
    }
  },
  {
    "code": "patchup",
    "type": "positive",
    "attributes": {
      "healingEffectiveness": 0.2
    }
  },
  {
    "code": "noisy",
    "type": "negative",
    "attributes": {
      "animalSeekingRange": 0.2
    }
  },
  {
    "code": "invisible",
    "type": "positive",
    "attributes": {
      "animalSeekingRange": -0.9
    }
  },
  {
    "code": "mushroomfarmer",
    "type": "positive",
    "attributes": {}
  },
  {
    "code": "scavenger",
    "type": "positive",
    "attributes": {
      "animalLootDropRate": 0.1,
      "wildCropDropRate": 0.1,
      "forageDropRate": 0.1
    }
  },
  {
    "code": "natureattuned",
    "type": "positive",
    "attributes": {
      "wildCropDropRate": 0.2,
      "forageDropRate": 0.5
    }
  },
  {
    "code": "ieldlisforester",
    "type": "positive",
    "attributes": {
      "logDropRate": 0.25
    }
  },
  {
    "code": "treekin",
    "type": "positive",
    "attributes": {
      "stickDropRate": 1,
      "saplingDropRate": 1,
      "fruittreeDropRate": 1
    }
  },
  {
    "code": "light",
    "type": "negative",
    "attributes": {
      "armorWalkSpeedAffectedness": 0.5
    }
  },
  {
    "code": "plantsinger",
    "type": "positive",
    "attributes": {
      "farmDropRate": 0.15
    }
  },
  {
    "code": "weedwhisperer",
    "type": "negative",
    "attributes": {
      "farmDropRate": -0.3
    }
  },
  {
    "code": "hungry",
    "type": "negative",
    "attributes": {
      "hungerrate": 0.1
    }
  },
  {
    "code": "treeburner",
    "type": "positive",
    "attributes": {
      "charcoalPileDroprate": 0.4
    }
  },
  {
    "code": "looter",
    "type": "positive",
    "attributes": {
      "vesselContentsDropRate": 0.3,
      "rustyGearDropRate": 0.15,
      "wholeVesselLootChance": 0.15
    }
  },
  {
    "code": "pious",
    "type": "negative",
    "attributes": {
      "vesselContentsDropRate": -0.3,
      "rustyGearDropRate": -0.15,
      "wholeVesselLootChance": -0.15
    }
  },
  {
    "code": "gardener",
    "type": "positive",
    "attributes": {
      "farmdroprate": 0.25
    }
  },
  {
    "code": "loudbelly",
    "type": "negative",
    "attributes": {
      "animalSeekingRange": 0.3,
      "hungerrate": 0.3
    }
  },
  {
    "code": "adamanisoul",
    "type": "positive",
    "attributes": {
      "maxhealthExtraPoints": 3,
      "armorWalkSpeedAffectedness": -0.1,
      "meleeWeaponsDamage": 0.1,
      "armorDurabilityLoss": -0.1
    }
  },
  {
    "code": "jackofalltrades",
    "type": "positive",
    "attributes": {
      "walkspeed": 0.1,
      "animalLootDropRate": 0.1,
      "miningSpeedMul": 0.1,
      "stickDropRate": 0.1,
      "saplingDropRate": 0.1,
      "fruittreeDropRate": 0.1
    }
  },
  {
    "code": "clubmaker",
    "type": "positive",
    "attributes": {}
  },
  {
    "code": "greed",
    "type": "positive",
    "attributes": {
      "rustyGearDropRate": 0.3
    }
  },
  {
    "code": "homebody",
    "type": "negative",
    "attributes": {
      "forageDropRate": -0.2,
      "hungerrate": 0.1
    }
  },
  {
    "code": "careful",
    "type": "negative",
    "attributes": {
      "animalHarvestingTime": 0.25
    }
  }
]