[
  {
    "ingredientPattern": "A\tS\tL",
    "requiresTrait": "clubmaker",
    "ingredients": {
      "A": {
        "type": "item",
        "code": "game:knife-*",
        "isTool": true
      },
      "L": {
        "type": "block",
        "code": "game:log-*",
        "allowedVariants": [
          "placed-birch-ud",
          "placed-oak-ud",
          "placed-maple-ud",
          "placed-pine-ud",
          "placed-acacia-ud",
          "placed-kapok-ud",
          "placed-redwood-ud",
          "placed-larch-ud",
          "placed-baldcypress-ud",
          "placed-walnut-ud",
          "placed-purpleheart-ud",
          "placed-ebony-ud"
        ]
      },
      "S": {
      "type": "item",
      "code": "game:stone-*",
      "name": "rock",
      "allowedVariants": [
        "andesite",
        "chalk",
        "chert",
        "conglomerate",
        "limestone",
        "claystone",
        "granite",
        "basalt",
        "peridotite",
        "phyllite",
        "sandstone",
        "shale",
        "slate",
        "bauxite",
        "suevite"
      ]
    }
    },
    "width": 1,
    "height": 3,
    "output": {
      "type": "item",
      "code": "game:club-scrap-scrap",
      "quantity": 1
    }
  }
]