[
 {
  "op": "addmerge",
  "path": "/drops/0/quantityByType/dropModbyStat",
  "value": "saplingDropRate",
  "file": "game:blocktypes/plant/leaves/normal.json"
 },
 {
  "op": "addmerge",
  "path": "/drops/1/dropModbyStat",
  "value": "stickDropRate",
  "file": "game:blocktypes/plant/leaves/normal.json"
 },
 {
  "op": "addmerge",
  "path": "/drops/0/quantityByType/dropModbyStat",
  "value": "saplingDropRate",
  "file": "game:blocktypes/plant/leaves/branchy.json"
 },
 {
  "op": "addmerge",
  "path": "/drops/1/dropModbyStat",
  "value": "stickDropRate",
  "file": "game:blocktypes/plant/leaves/branchy.json"
 }
]
