{
	"editor": {
		"backDropShape": "entity/humanoid/seraph",
		"collapsedPaths": "Root/bandN/toothR1,Root/bandN/toothL1",
		"allAngles": true,
		"entityTextureMode": true
	},
	"textureWidth": 24,
	"textureHeight": 16,
	"textureSizes": {
		"gloves": [24,16]
	},
	"textures": {
		"gloves": "entity/humanoid/clothing/hand/blacksmith-gloves"
	},
	"elements": [
		{
			"name": "BackGloveL",
			"stepParentName": "UpperArmL",
			"from": [ -0.01, -0.01, -0.01 ],
			"to": [ 3.01, 1.99, 2.01 ],
			"uv": [ 12.5, 0.0 ],
			"rotationOrigin": [ -0.01, -0.01, -0.01 ],
			"faces": {
				"north": { "texture": "#gloves", "uv": [ 12.5, 0.0, 15.5, 2.0 ] },
				"east": { "texture": "#gloves", "uv": [ 20.5, 0.0, 22.5, 2.0 ] },
				"south": { "texture": "#gloves", "uv": [ 17.5, 0.0, 20.5, 2.0 ] },
				"west": { "texture": "#gloves", "uv": [ 15.5, 0.0, 17.5, 2.0 ] },
				"down": { "texture": "#gloves", "uv": [ 15.5, 2.0, 17.5, 5.0 ], "rotation": 90 }
			}
		},
		{
			"name": "BackGloveR",
			"stepParentName": "UpperArmR",
			"from": [ -0.01, -0.01, -0.01 ],
			"to": [ 3.01, 1.99, 2.01 ],
			"uv": [ 1.5, 0.0 ],
			"rotationOrigin": [ -0.01, -0.01, -0.01 ],
			"faces": {
				"north": { "texture": "#gloves", "uv": [ 1.5, 0.0, 4.5, 2.0 ] },
				"east": { "texture": "#gloves", "uv": [ 9.5, 0.0, 11.5, 2.0 ] },
				"south": { "texture": "#gloves", "uv": [ 6.5, 0.0, 9.5, 2.0 ] },
				"west": { "texture": "#gloves", "uv": [ 4.5, 0.0, 6.5, 2.0 ] },
				"down": { "texture": "#gloves", "uv": [ 4.5, 2.0, 6.5, 5.0 ], "rotation": 90 }
			}
		},
		{
			"name": "ForegloveLeft",
			"stepParentName": "LowerArmL",
			"from": [ -0.01, -0.01, -0.01 ],
			"to": [ 2.51, 8.01, 2.01 ],
			"uv": [ 13.0, 2.5 ],
			"rotationOrigin": [ -0.01, -0.01, -0.01 ],
			"faces": {
				"north": { "texture": "#gloves", "uv": [ 13.0, 5.0, 15.5, 13.0 ] },
				"east": { "texture": "#gloves", "uv": [ 15.5, 5.0, 17.5, 13.0 ] },
				"south": { "texture": "#gloves", "uv": [ 17.5, 5.0, 20.0, 13.0 ] },
				"west": { "texture": "#gloves", "uv": [ 20.0, 5.0, 22.0, 13.0 ] },
				"up": { "texture": "#gloves", "uv": [ 15.5, 2.5, 17.5, 5.0 ], "rotation": 90, "windMode": [-1,-1,-1,-1], "windData": [1,1,1,1] },
				"down": { "texture": "#gloves", "uv": [ 15.5, 13.0, 17.5, 15.5 ], "rotation": 90 }
			}
		},
		{
			"name": "ForegloveRight",
			"stepParentName": "LowerArmR",
			"from": [ -0.01, -0.01, -0.01 ],
			"to": [ 2.51, 8.01, 2.01 ],
			"uv": [ 2.0, 2.5 ],
			"rotationOrigin": [ -0.01, -0.01, -0.01 ],
			"faces": {
				"north": { "texture": "#gloves", "uv": [ 2.0, 5.0, 4.5, 13.0 ], "autoUv": false },
				"east": { "texture": "#gloves", "uv": [ 9.0, 5.0, 11.0, 13.0 ], "autoUv": false },
				"south": { "texture": "#gloves", "uv": [ 6.5, 5.0, 9.0, 13.0 ], "autoUv": false },
				"west": { "texture": "#gloves", "uv": [ 4.5, 5.0, 6.5, 13.0 ], "autoUv": false },
				"up": { "texture": "#gloves", "uv": [ 4.5, 2.5, 6.5, 5.0 ], "rotation": 90, "autoUv": false, "windMode": [-1,-1,-1,-1], "windData": [1,1,1,1] },
				"down": { "texture": "#gloves", "uv": [ 4.5, 13.0, 6.5, 15.5 ], "rotation": 90 }
			}
		}
	],
	"animations": [
	]
}