[
 {
  "_comment": "change the stabby attributes for Urroka class from 10% melee to an additional 20% melee speed when CO is installed.",
  "op": "replace",
  "path": "/0",
  "value": {
   "code": "advancedonehandedswordsproficiency",
   "type": "positive",
   "attributes": { "oneHandedSwordsProficiency": 0.5 }
  },
  "file": "config/traits.json",
  "dependsOn": [ { "modid": "combatoverhaul" } ]
 },
 {
  "_comment": "replaces Archer with twohandedswordsdeficency when CO is installed",
  "op": "replace",
  "path": "/1",
  "value": {
   "code": "twohandedswordsdeficiency",
   "type": "negative",
   "attributes": { "twoHandedSwordsProficiency": -0.5 }
  },
  "file": "config/traits.json",
  "dependsOn": [ { "modid": "combatoverhaul" } ]
 },
 {
  "_comment": "adds advancedbowsProficiency when CO is installed",
  "op": "replace",
  "path": "/2",
  "value": {
   "code": "advancedbowsproficiency",
   "type": "positive",
   "attributes": { "bowsProficiency": 1.0 }
  },
  "file": "config/traits.json",
  "dependsOn": [ { "modid": "combatoverhaul" } ]
 }
]