[
  {
   "op": "replace",
   "path": "/human/AvailableClasses",
   "file": "racialequality:config/customplayermodels/human-char.json",
   "value": ["adamani"],
   "dependsOn": [{"modid": "racialequality"}]
  },
  {
   "op": "replace",
   "path": "/dwarf/AvailableClasses",
   "file": "racialequality:config/customplayermodels/dwarf-char.json",
   "value": ["dwarrow"],
    "dependsOn": [{"modid": "racialequality"}]
  },
  {
    "op": "replace",
    "path": "/elf/AvailableClasses",
    "file": "racialequality:config/customplayermodels/elf-char.json",
    "value": ["ieldlis"],
    "dependsOn": [{"modid": "racialequality"}]
  },
  {
    "op": "replace",
    "path": "/ork/AvailableClasses",
    "file": "racialequality:config/customplayermodels/ork-char.json",
    "value": ["krohak"],
    "dependsOn": [{"modid": "racialequality"}]
  },
  {
    "op": "replace",
    "path": "/goblin/AvailableClasses",
    "file": "racialequality:config/customplayermodels/goblin-char.json",
    "value": ["urroka"],
    "dependsOn": [{"modid": "racialequality"}]
  },
  {
    "op": "addmerge",
    "path": "/ork/SkinnableParts/0/variants/-",
    "file": "racialequality:config/customplayermodels/ork-char.json",
    "value": {
						"code": "skin13",
						"texture": "conclass:entity/humanoid/skinparts/ork/skin13"
					},
    "dependsOn": [{"modid": "racialequality"}]
  }
]