{
 "code": "clothes",
 "class": "ItemWearable",
 "variantgroups": [
  {
   "code": "category",
   "states": [
    "arm"
   ]
  },
  {
   "code": "arm",
   "states": [
    "blacksmith-bracers"
   ]
  }
 ],
 "storageFlags": 128,
 "attributes": {
  "clothescategory": "arm",
  "wearableAttachment": true,
  "warmth": 0.5,
  "handbook": {
   "groupBy": [
    "game:clothes-{category}-*"
   ]
  }
 },
 "shape": {
  "base": "entity/humanoid/clothing/arm/{arm}"
 },
 "texturesByType": {
  "*": {
   "seraph": {
    "base": "game:block/transparent"
   }
  }
 },
 "creativeinventory": {
  "general": [
   "*"
  ],
  "items": [
   "*"
  ],
  "clothing": [
   "*"
  ]
 },
 "renderAlphaTest": 0.25,
 "fpHandTransformByType": {
  "*-blacksmith-bracers": {
   "translation": {
    "x": 0.6,
    "y": 0,
    "z": -0.5
   },
   "rotation": {
    "x": 180,
    "y": 42,
    "z": -29
   },
   "scale": 2.5
  }
 },
 "tpHandTransformByType": {
  "*-blacksmith-bracers": {
   "translation": {
    "x": -1.6,
    "y": -1.2,
    "z": -0.9
   },
   "rotation": {
    "x": -13,
    "y": -64,
    "z": 49
   },
   "scale": 0.55
  }
 },
 "guiTransformByType": {
  "*-blacksmith-bracers": {
   "translation": {
    "x": 0,
    "y": 0,
    "z": 0
   },
   "rotation": {
    "x": 174,
    "y": -49,
    "z": 23
   },
   "origin": {
    "x": 0.38,
    "y": 1,
    "z": 0.65
   },
   "scale": 4
  }
 },
 "groundTransformByType": {
  "*": {
   "translation": {
    "x": 0.05,
    "y": -0.18,
    "z": 0
   },
   "rotation": {
    "x": 0,
    "y": 0,
    "z": 0
   },
   "scale": 4
  }
 }
}