{
  "code": "clothes",
  "class": "ItemWearable",
  "variantgroups": [
    {
      "code": "category",
      "states": [
        "shoulder"
      ]
    },
    {
      "code": "shoulder",
      "combine": "SelectiveMultiply",
      "onVariant": "category",
      "states": [
        "ieldlis-cloak"
      ]
    }
  ],
  "attributes": {
    "wearableAttachment": true,
    "clothescategory": "shoulder",
    "warmthByType": {
      "*-ieldlis-cloak": 1
    },
    "rainProtectionPercByType": {
      "*-ieldlis-cloak": 0.9
    },
    "handbook": {
      "groupBy": [
        "game:clothes-{category}-*"
      ]
    }
  },
  "storageFlags": 128,
  "shapeByType": {
    "*-ieldlis-cloak": {
      "base": "entity/humanoid/clothing/shoulder/ieldlis-cloak",
      "overlays": [
        {
          "base": "game:entity/humanoid/seraph/clothing/shoulder/collar-cape-fancy"
        }
      ]
    }
  },
  "texturesByType": {
    "*-ieldlis-cloak": {
      "seraph": {
        "base": "game:block/transparent"
      },
     "shouldertexture": {
      "base": "entity/humanoid/clothing/shoulder/ieldlis-cloak"
     }
    }
  },
  "creativeinventory": {
    "general": [
      "*"
    ],
    "items": [
      "*"
    ],
    "clothing": [
      "*"
    ]
  },
  "renderAlphaTest": 0.25,
  "fpHandTransform": {
    "translation": {
      "x": -0.15,
      "y": -0.8,
      "z": 0.3
    },
    "rotation": {
      "x": 180,
      "y": 150,
      "z": 180
    },
    "scale": 2
  },
  "tpHandTransformByType": {
    "*-ieldlis-cloak": {
      "translation": {
        "x": 0,
        "y": -0.7,
        "z": -0.7
      },
      "rotation": {
        "x": -81,
        "y": 180,
        "z": 91
      },
      "scale": 0.59
    }
  },
  "guiTransformByType": {
    "*-ieldlis-cloak": {
      "rotate": false,
      "translation": {
        "x": 2,
        "y": 0,
        "z": 17
      },
      "rotation": {
        "x": -178,
        "y": -65,
        "z": 10
      },
      "origin": {
        "x": 0.5,
        "y": 1.4,
        "z": 0.5
      },
      "scale": 2.2
    }
  },
  "groundTransform": {
    "translation": {
      "x": 0.05,
      "y": 0.1,
      "z": 0
    },
    "rotation": {
      "x": 0,
      "y": 0,
      "z": -87
    },
    "origin": {
      "x": 0.5,
      "y": 0.5,
      "z": 0.5299
    },
    "scale": 2.19
  }
}