{
  "code": "clothes",
  "class": "ItemWearable",
  "variantgroups": [
    {
      "code": "category",
      "states": [
        "upperbody"
      ]
    },
    {
      "code": "upperbody",
      "combine": "SelectiveMultiply",
      "onVariant": "category",
      "states": [
        "blacksmith-shirt",
        "ieldlis-tunic"
      ]
    }
  ],
  "storageFlags": 128,
  "attributes": {
    "clothescategory": "upperbody",
    "wearableAttachment": true,
    "handbook": {
      "groupBy": [
        "game:clothes-{category}-*"
      ]
    }
  },
  "attributesByType": {
    "*": {
      "warmth": 2
    }
  },
  "shapeByType": {
    "*-blacksmith-shirt": {
      "base": "entity/humanoid/clothing/upperbody/blacksmith-shirt"
    },
    "*-ieldlis-tunic": {
      "base": "entity/humanoid/clothing/upperbody/ieldlis-tunic",
      "overlays": [
        {
          "base": "game:entity/humanoid/seraph/clothing/upperbody/collar-longsleeve-fancy"
        }
      ]
    }
  },
  "texturesByType": {
    "*": {
      "seraph": {
        "base": "game:block/transparent"
      }
    }
  },
  "creativeinventory": {
    "general": [
      "*"
    ],
    "items": [
      "*"
    ],
    "clothing": [
      "*"
    ]
  },
  "renderAlphaTest": 0.25,
  "guiTransformByType": {
    "*": {
      "rotate": false,
      "translation": {
        "x": 0,
        "y": 0,
        "z": 0
      },
      "rotation": {
        "x": -178,
        "y": -65,
        "z": 10
      },
      "origin": {
        "x": 0.41,
        "y": 1.16,
        "z": 0.5
      },
      "scale": 1.69
    }
  },
  "fpHandTransform": {
    "translation": {
      "x": 0.05,
      "y": -0.6,
      "z": 0.3
    },
    "rotation": {
      "x": 180,
      "y": 150,
      "z": 180
    },
    "scale": 2
  },
  "tpHandTransform": {
    "translation": {
      "x": -0.3,
      "y": -0.9,
      "z": -0.7
    },
    "rotation": {
      "x": -71,
      "y": 180,
      "z": 83
    },
    "scale": 0.55
  },
  "groundTransform": {
    "translation": {
      "x": 0.05,
      "y": 0.05,
      "z": 0
    },
    "rotation": {
      "x": 0,
      "y": 0,
      "z": -87
    },
    "origin": {
      "x": 0.5,
      "y": 0.5,
      "z": 0.5299
    },
    "scale": 4
  }
}